user_pseudo_id,first_event_date,total_sessions,total_characters_opened,country,install_source,operating_system,operating_system_version,is_limited_ad_tracking,device_language,start_version,version,total_playtime_minutes,Ad Rewarded,Question Completed,Game Ended,App Removed,Session Started,event_params__pp_accepted,event_params__video_start,event_params__video_finished,event_params__entered,event_params__shown,event_params__opened,event_params__return,event_params__closed,event_params__drag,wecolme_video_played,tutorial_completed,last_event_date,last_event_name,answered_first_question,answered_second_question,answered_third_question,saw_mi,answered_ten_questions,second_session_started,second_day_active,passed_10_min
014a9f71a65bcf12833b30a9495f7e3c,2025-12-21 00:00:00+00:00,1,2,United States,First Open,IOS,,First Open,First Open,1.0.7,1.0.7,8.15,3,7,0,0,1,1,0,0,1,0,0,1,0,1,0,0,2025-12-21 00:00:00+00:00,Question Completed,1,1,1,1,0,0,0,0
03b349744408705d8096df22c0a71ac6,2025-12-17 00:00:00+00:00,4,4,United States,First Open,ANDROID,,First Open,First Open,1.0.5,1.0.6,26.5,4,15,0,0,4,1,1,1,1,1,1,0,1,1,0,0,2025-12-21 00:00:00+00:00,Question Started,1,1,1,1,1,1,1,1
06794f8086423959b62afd3d411c6e50,2025-12-11 00:00:00+00:00,2,2,Türkiye,First Open,IOS,,First Open,First Open,1.0.7,1.0.7,16.27,4,13,0,0,2,1,1,0,1,1,1,1,1,0,0,0,2025-12-18 00:00:00+00:00,Question Started,1,1,1,1,1,1,1,1
080c511a1e00cfb08b58f4f5a04ce09f,2025-12-20 00:00:00+00:00,1,1,Türkiye,First Open,IOS,,First Open,First Open,1.0.7,1.0.6,11.22,1,5,0,0,1,1,1,1,0,0,1,0,1,0,0,0,2025-12-21 00:00:00+00:00,Menu Opened,1,1,1,0,0,0,1,1
0830524dd9cf0031f731ed6049fa2ccb,2025-12-06 00:00:00+00:00,1,4,Türkiye,First Open,IOS,,First Open,First Open,1.0.6,1.0.6,10.72,2,6,0,0,1,1,1,0,1,1,0,0,0,0,0,0,2025-12-11 00:00:00+00:00,Ad Rewarded,1,1,1,1,0,0,1,1
086056c2c619d72bb0126a1ca2618cfc,2025-12-15 00:00:00+00:00,2,3,Türkiye,First Open,ANDROID,,First Open,First Open,1.0.5,1.0.7,15.13,1,8,0,0,2,1,1,1,0,0,0,1,1,0,0,0,2025-12-22 00:00:00+00:00,Session Started,1,1,1,1,0,1,1,1
098e949e5f0d155979cb9ad3155377bc,2025-12-05 00:00:00+00:00,2,3,United States,First Open,IOS,Android 15,First Open,First Open,1.0.7,1.0.6,9.65,1,12,1,0,2,1,1,1,1,0,1,0,1,1,0,0,2025-12-21 00:00:00+00:00,Session Started,1,1,1,1,1,1,1,0
0aeee8c1b6c81f8ff4812736fc9732f6,2025-12-19 00:00:00+00:00,2,3,Türkiye,First Open,ANDROID,17,First Open,First Open,1.0.7,1.0.6,13.67,1,10,0,0,2,0,1,1,1,1,1,0,1,0,0,0,2025-12-23 00:00:00+00:00,Menu Opened,1,1,1,1,1,1,1,1
0b34e3fc2453840372b6738ad1a51f77,2025-12-07 00:00:00+00:00,1,1,United States,First Open,IOS,,First Open,First Open,1.0.6,1.0.5,6.6,0,2,0,0,1,0,0,0,0,1,0,1,0,1,0,0,2025-12-19 00:00:00+00:00,Session Started,1,1,0,0,0,0,1,0
0b9e5cf5396f50321268390bee5d0698,2025-12-12 00:00:00+00:00,1,2,United States,First Open,ANDROID,,First Open,First Open,1.0.7,1.0.7,5.35,3,7,0,0,1,1,1,0,1,0,1,0,0,0,0,0,2025-12-18 00:00:00+00:00,Question Started,1,1,1,1,0,0,1,0
0bd1283f2217f7af0a2d7d70d80a2276,2025-12-13 00:00:00+00:00,1,3,United States,First Open,IOS,,First Open,First Open,1.0.5,1.0.7,9.25,3,6,0,0,1,1,1,1,1,0,0,1,1,1,0,0,2025-12-20 00:00:00+00:00,Session Started,1,1,1,1,0,0,1,0
0c3da1f401098bd5d82a4da0dbd351a8,2025-12-21 00:00:00+00:00,2,1,Türkiye,First Open,ANDROID,,First Open,First Open,1.0.5,1.0.6,19.43,1,10,0,0,2,1,0,0,1,1,1,0,1,0,0,0,2025-12-23 00:00:00+00:00,Question Completed,1,1,1,0,1,1,1,1
0c41942ceae2a35a62b83edffd5a81c2,2025-12-06 00:00:00+00:00,4,3,United States,Session Started,IOS,,Session Started,Session Started,1.0.7,1.0.5,23.0,3,11,1,0,4,0,0,0,1,1,0,1,1,1,0,0,2025-12-15 00:00:00+00:00,Question Completed,1,1,1,1,1,1,1,1
0c85f08d7a051fdea298efae46d4b61d,2025-12-19 00:00:00+00:00,3,1,Türkiye,First Open,IOS,,First Open,First Open,1.0.6,1.0.7,12.35,4,16,0,0,3,1,1,0,1,1,1,1,1,1,0,0,2025-12-23 00:00:00+00:00,Question Completed,1,1,1,0,1,1,1,1
0cbfc7378394c6b6d2e560b43a4e037b,2025-12-22 00:00:00+00:00,1,3,United States,Session Started,ANDROID,,Session Started,Session Started,1.0.7,1.0.7,8.65,1,6,0,0,1,0,1,1,0,0,1,0,1,1,0,0,2025-12-22 00:00:00+00:00,First Open,1,1,1,1,0,0,0,0
0db96e4f4893bf337893de5c086ddaaa,2025-12-21 00:00:00+00:00,2,2,Türkiye,First Open,IOS,,First Open,First Open,1.0.5,1.0.7,24.1,1,3,0,1,2,1,1,0,1,1,1,0,1,1,0,0,2025-12-22 00:00:00+00:00,Question Started,1,1,1,1,0,1,1,1
0ecaf744272b7c501f688eb0ad99a160,2025-12-22 00:00:00+00:00,2,3,Türkiye,First Open,ANDROID,,First Open,First Open,1.0.6,1.0.6,14.38,3,9,0,0,2,1,1,1,0,1,1,1,1,1,0,0,2025-12-23 00:00:00+00:00,Question Completed,1,1,1,1,0,1,1,1
10648e749c8780e54b37df7b1cbf91ba,2025-12-23 00:00:00+00:00,2,4,United States,Session Started,IOS,,Session Started,Session Started,1.0.6,1.0.6,12.98,4,12,1,0,2,0,0,0,0,1,1,0,0,1,0,0,2025-12-23 00:00:00+00:00,Question Completed,1,1,1,1,1,1,0,1
1203fd04f4ca94c4be1f6c1c55553d08,2025-12-09 00:00:00+00:00,3,3,Türkiye,First Open,ANDROID,,First Open,First Open,1.0.6,1.0.6,35.32,4,10,0,0,3,1,1,1,1,1,1,0,1,0,0,0,2025-12-18 00:00:00+00:00,Question Started,1,1,1,1,1,1,1,1
124df45d1998d14c417fce44224ea771,2025-12-08 00:00:00+00:00,4,3,United States,First Open,ANDROID,,First Open,First Open,1.0.7,1.0.5,23.52,2,20,0,0,4,1,1,0,1,1,1,1,1,1,0,0,2025-12-23 00:00:00+00:00,Question Completed,1,1,1,1,1,1,1,1
13e2c776d5d145c6ce9b7f490d8da47a,2025-12-17 00:00:00+00:00,1,2,United States,First Open,IOS,,First Open,First Open,1.0.5,1.0.6,9.53,1,3,1,0,1,1,1,0,1,1,1,0,0,1,0,0,2025-12-20 00:00:00+00:00,Question Started,1,1,1,1,0,0,1,0
144daa6134edb65222b43a32e20dc4ea,2025-12-18 00:00:00+00:00,3,3,Türkiye,First Open,IOS,Android 15,First Open,First Open,1.0.6,1.0.6,13.98,2,12,0,0,3,1,1,1,1,1,1,1,1,1,0,0,2025-12-21 00:00:00+00:00,Question Started,1,1,1,1,1,1,1,1
14c6da6ebd0e78b738fe3570269a8d7f,2025-12-20 00:00:00+00:00,5,1,United States,First Open,IOS,,First Open,First Open,1.0.7,1.0.7,26.42,3,20,1,0,5,1,0,0,1,1,1,1,1,1,0,0,2025-12-23 00:00:00+00:00,Question Completed,1,1,1,0,1,1,1,1
167b3c962692c193d76ea37ee81ed103,2025-12-10 00:00:00+00:00,1,1,Türkiye,First Open,ANDROID,,First Open,First Open,1.0.5,1.0.6,4.98,1,1,0,0,1,1,1,1,0,1,0,1,0,0,0,0,2025-12-16 00:00:00+00:00,Session Started,1,0,0,0,0,0,1,0
17d34fd720fc4bb24945b4eca09c2514,2025-12-14 00:00:00+00:00,3,2,United States,Session Started,IOS,,Session Started,Session Started,1.0.7,1.0.7,8.78,5,9,0,0,3,1,1,1,1,1,1,0,1,1,0,0,2025-12-23 00:00:00+00:00,Question Started,1,1,1,1,0,1,1,0
188661771ddf3da18ee73b2977c33575,2025-12-06 00:00:00+00:00,1,1,United States,First Open,IOS,,First Open,First Open,1.0.5,1.0.7,2.67,0,3,1,0,1,0,1,1,1,0,1,0,1,1,0,0,2025-12-18 00:00:00+00:00,Session Started,1,1,1,0,0,0,1,0
1b42dde94d509fe2bc56babd898f1dfd,2025-12-03 00:00:00+00:00,5,1,Türkiye,First Open,IOS,,First Open,First Open,1.0.5,1.0.5,44.02,4,26,0,0,5,1,0,0,1,1,1,0,1,1,0,0,2025-12-23 00:00:00+00:00,Session Started,1,1,1,0,1,1,1,1
1c4bb2541c5eddb865a7d2574382c6c1,2025-12-17 00:00:00+00:00,7,3,Türkiye,Session Started,ANDROID,,Session Started,Session Started,1.0.6,1.0.7,35.38,5,27,0,0,7,1,0,0,1,1,1,1,1,1,0,0,2025-12-23 00:00:00+00:00,Session Started,1,1,1,1,1,1,1,1
1e3c3c0aa18fa73b36715f1bdce8fee0,2025-12-04 00:00:00+00:00,2,4,United States,First Open,ANDROID,,First Open,First Open,1.0.7,1.0.7,20.85,1,4,1,0,2,1,1,0,1,1,1,1,0,1,0,0,2025-12-13 00:00:00+00:00,Session Started,1,1,1,1,0,1,1,1
1e988506617bec53a175c792fda95869,2025-12-10 00:00:00+00:00,3,1,Türkiye,First Open,ANDROID,,First Open,First Open,1.0.6,1.0.7,32.98,4,12,1,0,3,1,1,1,1,1,1,1,0,1,0,0,2025-12-22 00:00:00+00:00,Question Completed,1,1,1,0,1,1,1,1
1ed19fa8d96eeee4c5698e29c7ec22b6,2025-12-10 00:00:00+00:00,3,2,Türkiye,First Open,IOS,,First Open,First Open,1.0.5,1.0.7,16.17,2,9,0,0,3,1,1,1,1,0,1,1,1,0,0,0,2025-12-20 00:00:00+00:00,Question Completed,1,1,1,1,0,1,1,1
1f138bffc40efe3ed630b446f57a3a23,2025-12-21 00:00:00+00:00,5,4,United States,First Open,ANDROID,,First Open,First Open,1.0.7,1.0.5,36.87,3,20,0,0,5,1,1,1,1,1,0,1,1,1,0,0,2025-12-23 00:00:00+00:00,Question Started,1,1,1,1,1,1,1,1
1f25f39cb670070a26c822aa07b4141d,2025-12-07 00:00:00+00:00,1,3,United States,First Open,ANDROID,,First Open,First Open,1.0.5,1.0.5,9.58,1,5,0,0,1,1,1,1,0,0,1,0,1,0,0,0,2025-12-14 00:00:00+00:00,Session Started,1,1,1,1,0,0,1,0
202705385901ca5a5afc2b25a42fa837,2025-12-09 00:00:00+00:00,1,1,United States,First Open,IOS,,First Open,First Open,1.0.7,1.0.5,5.35,0,3,0,0,1,1,1,1,1,0,0,0,0,0,0,0,2025-12-18 00:00:00+00:00,Mini-game Started,1,1,1,0,0,0,1,0
2046d8ef621b45a0fece1d5a13826e79,2025-12-07 00:00:00+00:00,2,3,United States,First Open,ANDROID,,First Open,First Open,1.0.5,1.0.5,14.57,4,11,0,0,2,1,1,0,0,1,1,0,1,1,0,0,2025-12-18 00:00:00+00:00,Question Started,1,1,1,1,1,1,1,1
20f57eb02ea9ddb8eb1e22c109975885,2025-12-15 00:00:00+00:00,1,1,United States,First Open,IOS,,First Open,First Open,1.0.7,1.0.5,4.82,1,2,0,0,1,1,1,0,1,0,0,0,0,1,0,0,2025-12-21 00:00:00+00:00,Question Completed,1,1,0,0,0,0,1,0
210204f13045dda314304f8c6aa3e7c8,2025-12-13 00:00:00+00:00,2,4,Türkiye,First Open,ANDROID,17,First Open,First Open,1.0.5,1.0.7,12.87,3,9,0,0,2,1,0,0,0,1,1,1,1,1,0,0,2025-12-19 00:00:00+00:00,Question Completed,1,1,1,1,0,1,1,1
21d39f1c7aef2b11156bedeb5d97e2b8,2025-12-19 00:00:00+00:00,1,2,United States,First Open,IOS,,First Open,First Open,1.0.7,1.0.6,6.67,1,5,0,0,1,1,0,0,0,1,0,0,1,1,0,0,2025-12-22 00:00:00+00:00,Question Completed,1,1,1,1,0,0,1,0
2235c38e7faa6d86405f43e191c0e347,2025-12-18 00:00:00+00:00,2,2,Türkiye,First Open,ANDROID,17,First Open,First Open,1.0.5,1.0.6,10.03,0,2,0,0,2,1,1,0,0,1,0,0,0,1,0,0,2025-12-22 00:00:00+00:00,Question Started,1,1,0,1,0,1,1,1
2291c10e219026fd05f23d326eaff97f,2025-12-15 00:00:00+00:00,3,4,Türkiye,First Open,IOS,,First Open,First Open,1.0.7,1.0.5,27.62,2,18,0,1,3,1,1,1,1,0,1,1,0,1,0,0,2025-12-21 00:00:00+00:00,Question Completed,1,1,1,1,1,1,1,1
22a22f0a40983dad4fc7a19e0f0184d4,2025-12-21 00:00:00+00:00,1,3,United States,Session Started,ANDROID,,Session Started,Session Started,1.0.6,1.0.6,12.75,1,5,1,0,1,1,1,0,0,0,0,0,0,0,0,0,2025-12-21 00:00:00+00:00,First Open,1,1,1,1,0,0,0,1
251924179dae305f986b4ed346bea86e,2025-12-23 00:00:00+00:00,1,1,United States,Session Started,IOS,,Session Started,Session Started,1.0.6,1.0.5,0.52,1,1,0,0,1,0,1,1,0,1,1,0,1,0,0,0,2025-12-23 00:00:00+00:00,Question Completed,1,0,0,0,0,0,0,0
257149a86d00962f7550dc01fb98ce08,2025-12-08 00:00:00+00:00,4,3,Türkiye,First Open,IOS,,First Open,First Open,1.0.6,1.0.6,30.88,3,8,0,0,4,1,1,0,1,1,1,0,1,1,0,0,2025-12-22 00:00:00+00:00,Ad Rewarded,1,1,1,1,0,1,1,1
263c4d381868b5cb1af741d83492ab78,2025-12-07 00:00:00+00:00,2,2,United States,First Open,ANDROID,,First Open,First Open,1.0.6,1.0.7,12.7,1,7,0,0,2,1,0,0,1,1,0,0,0,1,0,0,2025-12-20 00:00:00+00:00,Question Completed,1,1,1,1,0,1,1,1
26cf2604c7f5a6f7a109f97bd3409bb5,2025-12-08 00:00:00+00:00,1,2,Türkiye,First Open,IOS,,First Open,First Open,1.0.5,1.0.5,1.35,3,3,1,0,1,1,1,1,1,0,0,1,0,1,0,0,2025-12-13 00:00:00+00:00,Game Ended,1,1,1,1,0,0,1,0
286224ff6600a0b7fa3f5cb8a191e1f1,2025-12-06 00:00:00+00:00,1,1,United States,First Open,ANDROID,,First Open,First Open,1.0.6,1.0.5,0.53,1,5,0,0,1,1,0,0,1,1,1,0,1,1,0,0,2025-12-06 00:00:00+00:00,Mini-game Started,1,1,1,0,0,0,0,0
295a1473e7e4a98fe14b43fbcff4ba0c,2025-12-18 00:00:00+00:00,5,1,Türkiye,First Open,ANDROID,18,First Open,First Open,1.0.6,1.0.7,31.22,3,23,0,0,5,1,1,1,1,1,1,1,1,1,0,0,2025-12-21 00:00:00+00:00,Spent Virtual Currency,1,1,1,0,1,1,1,1
29dd9aff1852c8a81d63a4b8713df872,2025-12-13 00:00:00+00:00,1,2,Türkiye,First Open,IOS,16,First Open,First Open,1.0.6,1.0.5,2.78,0,4,0,0,1,1,1,1,0,0,0,0,0,1,0,0,2025-12-17 00:00:00+00:00,Question Completed,1,1,1,1,0,0,1,0
2da778281ff32a97d3e0e902f986c62e,2025-12-14 00:00:00+00:00,1,2,United States,First Open,ANDROID,,First Open,First Open,1.0.7,1.0.7,1.4,1,2,0,0,1,1,0,0,1,1,1,0,0,0,0,0,2025-12-19 00:00:00+00:00,Session Started,1,1,0,1,0,0,1,0
2e2b6f1dcf223c9506c1220a639a65ba,2025-12-07 00:00:00+00:00,5,4,Türkiye,First Open,IOS,,First Open,First Open,1.0.5,1.0.5,28.18,5,19,1,0,5,1,1,0,1,1,1,1,1,1,0,0,2025-12-21 00:00:00+00:00,Session Started,1,1,1,1,1,1,1,1
2e6660a4eeffc7ce46526fc7e3893e6d,2025-12-12 00:00:00+00:00,2,2,Türkiye,First Open,IOS,,First Open,First Open,1.0.7,1.0.7,17.3,3,12,0,0,2,1,1,0,1,0,1,1,0,1,0,0,2025-12-14 00:00:00+00:00,Question Started,1,1,1,1,1,1,1,1
2e794ce03682728830401ac27ac62e3b,2025-12-07 00:00:00+00:00,3,3,Türkiye,First Open,IOS,,First Open,First Open,1.0.7,1.0.7,10.38,7,16,0,0,3,1,1,1,0,0,0,1,0,0,0,0,2025-12-23 00:00:00+00:00,Menu Opened,1,1,1,1,1,1,1,1
30e6100f8072e44fa7b732056e363274,2025-12-10 00:00:00+00:00,3,4,United States,First Open,IOS,18,First Open,First Open,1.0.6,1.0.6,15.4,5,14,0,0,3,1,0,0,1,1,0,0,1,1,0,0,2025-12-23 00:00:00+00:00,Ad Load Failed,1,1,1,1,1,1,1,1
32555fa7e6dda9d7e03ba49523768dc8,2025-12-22 00:00:00+00:00,1,4,Türkiye,First Open,IOS,,First Open,First Open,1.0.7,1.0.5,6.52,2,7,0,0,1,1,1,0,1,1,0,0,1,0,0,0,2025-12-23 00:00:00+00:00,Ad Rewarded,1,1,1,1,0,0,1,0
32709eb9d16bf01aa81b810edf2f8ca4,2025-12-15 00:00:00+00:00,2,1,United States,Session Started,IOS,,Session Started,Session Started,1.0.6,1.0.6,13.72,3,9,0,0,2,0,1,1,1,1,1,1,0,1,0,0,2025-12-18 00:00:00+00:00,Ad Rewarded,1,1,1,0,0,1,1,1
32956f2219b778f63805c6bf48d92ec7,2025-12-16 00:00:00+00:00,5,2,United States,First Open,IOS,Android 15,First Open,First Open,1.0.5,1.0.5,31.98,6,14,1,1,5,1,1,0,0,1,1,1,1,1,0,0,2025-12-23 00:00:00+00:00,Question Completed,1,1,1,1,1,1,1,1
34ee0e6284f0f595de5a1b623d428e5f,2025-12-22 00:00:00+00:00,7,2,United States,Session Started,ANDROID,16,Session Started,Session Started,1.0.7,1.0.6,52.03,6,27,3,0,7,1,1,1,1,1,1,1,1,1,0,0,2025-12-23 00:00:00+00:00,Question Completed,1,1,1,1,1,1,1,1
35ac4770085e480c038cb5157b88a675,2025-12-21 00:00:00+00:00,5,2,United States,Session Started,ANDROID,,Session Started,Session Started,1.0.5,1.0.5,33.8,4,28,0,0,5,1,1,0,1,1,1,0,1,1,0,0,2025-12-21 00:00:00+00:00,Question Completed,1,1,1,1,1,1,0,1
37aa01b600a4c55ac27540554f7cda36,2025-12-16 00:00:00+00:00,2,1,Türkiye,First Open,ANDROID,,First Open,First Open,1.0.7,1.0.5,10.32,4,11,0,0,2,0,0,0,0,1,1,1,1,1,0,0,2025-12-21 00:00:00+00:00,Menu Opened,1,1,1,0,1,1,1,1
37c736344ec25de4813c486a275d4d17,2025-12-20 00:00:00+00:00,2,3,Türkiye,First Open,IOS,,First Open,First Open,1.0.6,1.0.5,12.3,3,10,1,0,2,1,1,1,1,1,1,0,0,1,0,0,2025-12-23 00:00:00+00:00,Question Completed,1,1,1,1,1,1,1,1
3abf17cf92acf9bb04aa59df9ebdc532,2025-12-22 00:00:00+00:00,2,1,United States,Session Started,ANDROID,17,Session Started,Session Started,1.0.6,1.0.5,18.2,3,6,0,0,2,1,1,0,1,1,1,1,1,1,0,0,2025-12-23 00:00:00+00:00,Question Started,1,1,1,0,0,1,1,1
3d0603622eff1c150fd7670db07b16bc,2025-12-06 00:00:00+00:00,3,4,United States,First Open,ANDROID,,First Open,First Open,1.0.5,1.0.7,29.3,1,11,0,0,3,0,1,1,1,1,1,0,1,1,0,0,2025-12-15 00:00:00+00:00,Question Started,1,1,1,1,1,1,1,1
40c1f715ed899093f72c91fefb6fbfd8,2025-12-16 00:00:00+00:00,1,4,Türkiye,First Open,IOS,,First Open,First Open,1.0.7,1.0.7,10.93,1,5,0,0,1,1,0,0,0,0,0,0,1,0,0,0,2025-12-21 00:00:00+00:00,Ad Rewarded,1,1,1,1,0,0,1,1
4116fc4ed3cb19334bb42ad131cfeac7,2025-12-09 00:00:00+00:00,1,1,United States,First Open,IOS,,First Open,First Open,1.0.7,1.0.7,6.77,1,4,0,0,1,1,0,0,1,1,0,0,1,1,0,0,2025-12-22 00:00:00+00:00,Session Started,1,1,1,0,0,0,1,0
41962244302f06459b0cdab5b8d67c06,2025-12-11 00:00:00+00:00,2,2,Türkiye,First Open,IOS,,First Open,First Open,1.0.7,1.0.6,14.9,2,5,0,0,2,0,0,0,1,1,0,0,0,0,0,0,2025-12-23 00:00:00+00:00,Question Started,1,1,1,1,0,1,1,1
41fa2a47c7329f74d7488392021f3a0a,2025-12-22 00:00:00+00:00,5,4,United States,Session Started,ANDROID,17,Session Started,Session Started,1.0.5,1.0.7,31.68,4,25,0,0,5,1,1,1,1,1,1,1,1,1,0,0,2025-12-23 00:00:00+00:00,Ad Load Failed,1,1,1,1,1,1,1,1
4220feaa8fe79440c82caeb624532eaa,2025-12-22 00:00:00+00:00,5,4,United States,First Open,IOS,,First Open,First Open,1.0.5,1.0.7,29.98,5,22,0,0,5,1,1,1,1,1,1,1,1,1,0,0,2025-12-22 00:00:00+00:00,First Open,1,1,1,1,1,1,0,1
424024433c26786a1e8175303a5695b9,2025-12-16 00:00:00+00:00,1,2,Türkiye,First Open,ANDROID,,First Open,First Open,1.0.7,1.0.5,2.62,0,2,0,0,1,0,1,0,1,0,1,0,0,1,0,0,2025-12-18 00:00:00+00:00,Mini-game Started,1,1,0,1,0,0,1,0
42e6575502fe831657e29ca27d709058,2025-12-12 00:00:00+00:00,8,2,Türkiye,First Open,IOS,,First Open,First Open,1.0.7,1.0.7,58.28,12,47,0,0,8,1,1,1,1,1,1,1,1,1,0,0,2025-12-23 00:00:00+00:00,Menu Opened,1,1,1,1,1,1,1,1
42e6a875844351b22a071f1ca2b06abf,2025-12-13 00:00:00+00:00,1,1,Türkiye,First Open,ANDROID,,First Open,First Open,1.0.6,1.0.5,1.82,2,7,0,0,1,1,0,0,1,1,1,1,1,0,0,0,2025-12-16 00:00:00+00:00,Session Started,1,1,1,0,0,0,1,0
43c5f0b625d4ddb2dd09ab78f4f07adc,2025-12-06 00:00:00+00:00,2,1,Türkiye,First Open,ANDROID,,First Open,First Open,1.0.7,1.0.6,15.9,2,10,0,0,2,1,1,1,1,1,1,0,0,0,0,0,2025-12-20 00:00:00+00:00,Question Completed,1,1,1,0,1,1,1,1
443ad64ba80fed166e6a4d8488c2f1c0,2025-12-21 00:00:00+00:00,1,1,Türkiye,First Open,IOS,,First Open,First Open,1.0.5,1.0.5,7.87,0,5,0,0,1,1,0,0,1,1,1,0,0,0,0,0,2025-12-22 00:00:00+00:00,Menu Opened,1,1,1,0,0,0,1,0
44e76de430a967c58cdb24488caa67c0,2025-12-17 00:00:00+00:00,1,1,United States,First Open,IOS,,First Open,First Open,1.0.7,1.0.6,10.48,0,1,1,0,1,1,0,0,1,1,0,0,1,1,0,0,2025-12-22 00:00:00+00:00,Game Ended,1,0,0,0,0,0,1,1
44f9cb917f293ffd00b1fd132e1fcc09,2025-12-22 00:00:00+00:00,1,3,United States,First Open,ANDROID,,First Open,First Open,1.0.7,1.0.5,1.38,1,4,0,0,1,1,1,1,1,0,1,0,1,0,0,0,2025-12-23 00:00:00+00:00,Question Completed,1,1,1,1,0,0,1,0
45d7757acfc7c3f8c3f5e7e07ca80c56,2025-12-12 00:00:00+00:00,1,1,United States,First Open,IOS,,First Open,First Open,1.0.6,1.0.6,2.35,1,2,0,0,1,1,1,1,1,0,1,0,0,1,0,0,2025-12-16 00:00:00+00:00,Question Completed,1,1,0,0,0,0,1,0
47272559ff2fac4360cfc9cdffbc32fe,2025-12-06 00:00:00+00:00,4,2,United States,First Open,IOS,,First Open,First Open,1.0.6,1.0.7,19.12,1,14,0,0,4,1,1,1,1,1,1,0,1,1,0,0,2025-12-23 00:00:00+00:00,Session Started,1,1,1,1,1,1,1,1
4a9a73a4669e3a17694c21f7b662f51e,2025-12-14 00:00:00+00:00,3,1,United States,First Open,ANDROID,,First Open,First Open,1.0.7,1.0.7,20.08,1,6,0,1,3,1,1,0,1,1,1,1,1,1,0,0,2025-12-23 00:00:00+00:00,Question Started,1,1,1,0,0,1,1,1
4ba7a430881a377f934d2b6e6e237ee6,2025-12-23 00:00:00+00:00,2,4,Türkiye,First Open,IOS,,First Open,First Open,1.0.7,1.0.6,12.65,0,9,0,0,2,1,1,1,1,1,0,0,1,1,0,0,2025-12-23 00:00:00+00:00,First Open,1,1,1,1,0,1,0,1
4c6628edd9c068a65040e7cfdca8a0f3,2025-12-10 00:00:00+00:00,2,4,Türkiye,First Open,ANDROID,,First Open,First Open,1.0.5,1.0.6,24.08,1,9,0,0,2,1,1,1,1,1,1,0,1,1,0,0,2025-12-23 00:00:00+00:00,Question Started,1,1,1,1,0,1,1,1
4c7bf572b3bc0f6f96fad93b4e7a5457,2025-12-13 00:00:00+00:00,1,4,Türkiye,Session Started,ANDROID,,Session Started,Session Started,1.0.7,1.0.5,13.13,0,6,1,0,1,1,0,0,1,0,0,0,1,0,0,0,2025-12-13 00:00:00+00:00,Session Started,1,1,1,1,0,0,0,1
4cfd322eb784bfa643c57eff0767899d,2025-12-19 00:00:00+00:00,4,3,Türkiye,First Open,ANDROID,,First Open,First Open,1.0.5,1.0.6,26.77,5,19,1,0,4,1,0,0,1,1,1,1,1,1,0,0,2025-12-23 00:00:00+00:00,Question Started,1,1,1,1,1,1,1,1
4d5bab91b5d705826cb58f5900487058,2025-12-21 00:00:00+00:00,3,4,United States,First Open,ANDROID,Android 15,First Open,First Open,1.0.6,1.0.5,18.87,2,11,0,0,3,1,0,0,1,0,1,0,1,1,0,0,2025-12-23 00:00:00+00:00,Question Completed,1,1,1,1,1,1,1,1
4dc589de731fc7da842b2b690da780de,2025-12-15 00:00:00+00:00,1,3,Türkiye,First Open,IOS,,First Open,First Open,1.0.7,1.0.5,5.95,3,7,0,0,1,1,1,1,1,1,1,0,0,0,0,0,2025-12-15 00:00:00+00:00,Spent Virtual Currency,1,1,1,1,0,0,0,0
4de65b99e4d39470f15b5e5e8dc503a6,2025-12-21 00:00:00+00:00,4,3,United States,First Open,IOS,,First Open,First Open,1.0.5,1.0.5,13.77,9,20,1,0,4,1,1,0,1,1,1,1,1,1,0,0,2025-12-22 00:00:00+00:00,Question Completed,1,1,1,1,1,1,1,1
4ee90f8726c6c2307101dc0c6e589f6d,2025-12-21 00:00:00+00:00,2,2,Türkiye,Session Started,IOS,,Session Started,Session Started,1.0.5,1.0.5,11.88,1,11,0,1,2,1,1,1,1,1,0,0,0,1,0,0,2025-12-22 00:00:00+00:00,Question Completed,1,1,1,1,1,1,1,1
50dbff3bd9fd61169eba47079d296abc,2025-12-21 00:00:00+00:00,2,2,United States,First Open,IOS,,First Open,First Open,1.0.6,1.0.5,9.53,4,9,0,0,2,1,1,1,1,0,0,1,0,1,0,0,2025-12-23 00:00:00+00:00,Mini-game Started,1,1,1,1,0,1,1,0
50e74a11ce31356a1ea4d75fae2c522c,2025-12-22 00:00:00+00:00,1,3,United States,First Open,ANDROID,,First Open,First Open,1.0.5,1.0.7,3.37,1,7,0,0,1,1,1,1,1,0,0,0,0,0,0,0,2025-12-22 00:00:00+00:00,Question Started,1,1,1,1,0,0,0,0
53f9cdc86748ed099a5d44508175f951,2025-12-22 00:00:00+00:00,4,1,United States,Session Started,IOS,,Session Started,Session Started,1.0.5,1.0.7,24.68,4,10,1,0,4,1,1,1,1,1,1,1,1,1,0,0,2025-12-23 00:00:00+00:00,Session Started,1,1,1,0,1,1,1,1
55a0e765c0bdb6744f5f251c65d85689,2025-12-12 00:00:00+00:00,2,3,Türkiye,First Open,ANDROID,17,First Open,First Open,1.0.5,1.0.5,18.12,0,5,0,0,2,0,1,1,1,1,1,0,0,1,0,0,2025-12-21 00:00:00+00:00,Question Completed,1,1,1,1,0,1,1,1
55ce7da3419ed6378246ae7e031a1258,2025-12-08 00:00:00+00:00,2,3,United States,First Open,IOS,,First Open,First Open,1.0.7,1.0.7,2.0,1,4,0,0,2,1,1,1,1,1,1,1,1,1,0,0,2025-12-23 00:00:00+00:00,Question Completed,1,1,1,1,0,1,1,0
5861a8a3638373acde83e4810d9257be,2025-12-03 00:00:00+00:00,2,4,United States,First Open,ANDROID,,First Open,First Open,1.0.6,1.0.6,16.1,1,10,1,0,2,1,1,1,0,0,0,1,0,1,0,0,2025-12-12 00:00:00+00:00,Game Ended,1,1,1,1,1,1,1,1
599cc6c0534e71712673a72d252f4df3,2025-12-19 00:00:00+00:00,1,3,United States,First Open,ANDROID,,First Open,First Open,1.0.5,1.0.5,5.72,2,3,0,0,1,1,1,1,1,0,0,0,1,0,0,0,2025-12-23 00:00:00+00:00,Session Started,1,1,1,1,0,0,1,0
59e56a4d21409fbceedbc17f9e024aca,2025-12-11 00:00:00+00:00,1,2,United States,First Open,ANDROID,,First Open,First Open,1.0.6,1.0.5,1.35,0,2,1,0,1,1,1,1,0,1,0,1,1,1,0,0,2025-12-11 00:00:00+00:00,Game Ended,1,1,0,1,0,0,0,0
5bd988ce58a496aa7b2e0811156963a6,2025-12-11 00:00:00+00:00,3,1,Türkiye,First Open,ANDROID,,First Open,First Open,1.0.6,1.0.6,32.68,8,12,1,0,3,1,1,1,1,1,1,1,1,1,0,0,2025-12-20 00:00:00+00:00,Question Completed,1,1,1,0,1,1,1,1
5bf1ad7026795d002a25b0d52a719d30,2025-12-09 00:00:00+00:00,1,1,Türkiye,First Open,ANDROID,,First Open,First Open,1.0.7,1.0.6,4.32,1,3,0,0,1,0,0,0,0,1,1,0,0,0,0,0,2025-12-21 00:00:00+00:00,Session Started,1,1,1,0,0,0,1,0
5fe3a22e924dd33df6f9f996e81a420e,2025-12-07 00:00:00+00:00,1,1,United States,First Open,IOS,,First Open,First Open,1.0.7,1.0.6,9.37,0,1,0,0,1,1,1,1,1,0,0,0,0,0,0,0,2025-12-19 00:00:00+00:00,Session Started,1,0,0,0,0,0,1,0
60bf4386a3f7bd2e922304ed3dbde60f,2025-12-14 00:00:00+00:00,4,3,Türkiye,First Open,ANDROID,,First Open,First Open,1.0.7,1.0.6,20.82,5,24,0,0,4,1,1,0,1,1,0,1,0,1,0,0,2025-12-21 00:00:00+00:00,Question Started,1,1,1,1,1,1,1,1
61b97a028cb6baa8dbd748c7c27af0f6,2025-12-20 00:00:00+00:00,6,1,United States,Session Started,IOS,,Session Started,Session Started,1.0.7,1.0.6,34.28,6,26,0,1,6,1,1,0,1,1,1,0,1,1,0,0,2025-12-23 00:00:00+00:00,Spent Virtual Currency,1,1,1,0,1,1,1,1
61d4167ad11ef76b77f4e03f71b270f3,2025-12-05 00:00:00+00:00,3,4,United States,First Open,ANDROID,,First Open,First Open,1.0.7,1.0.7,21.18,2,10,0,0,3,1,1,0,1,1,1,0,1,1,0,0,2025-12-13 00:00:00+00:00,Question Completed,1,1,1,1,1,1,1,1
62125a4281bc5ea2fcf76ed6bc684d5c,2025-12-16 00:00:00+00:00,1,2,United States,First Open,ANDROID,,First Open,First Open,1.0.5,1.0.7,1.43,0,2,0,0,1,1,1,1,1,0,0,0,0,1,0,0,2025-12-18 00:00:00+00:00,Question Completed,1,1,0,1,0,0,1,0
6297697c0e27552939c0cebc95e93a9d,2025-12-10 00:00:00+00:00,1,2,United States,First Open,ANDROID,,First Open,First Open,1.0.7,1.0.6,9.57,0,5,0,0,1,1,0,0,1,1,0,0,0,0,0,0,2025-12-22 00:00:00+00:00,Question Completed,1,1,1,1,0,0,1,0
62ab83e177877847a3caa4f4ccfaeb7e,2025-12-07 00:00:00+00:00,3,2,Türkiye,First Open,IOS,,First Open,First Open,1.0.5,1.0.7,16.62,0,9,0,0,3,1,1,1,1,1,0,1,0,0,0,0,2025-12-23 00:00:00+00:00,Spent Virtual Currency,1,1,1,1,0,1,1,1
63843d9ebbc527fdb53c7c37ce064bca,2025-12-14 00:00:00+00:00,2,3,Türkiye,First Open,ANDROID,,First Open,First Open,1.0.5,1.0.5,17.5,0,7,0,0,2,0,0,0,0,0,1,0,0,0,0,0,2025-12-21 00:00:00+00:00,Session Started,1,1,1,1,0,1,1,1
64ed2cfe7e4ae35029e6e9ccc472d76b,2025-12-18 00:00:00+00:00,2,2,United States,First Open,IOS,,First Open,First Open,1.0.5,1.0.7,5.23,0,3,0,0,2,1,1,1,1,1,1,1,1,0,0,0,2025-12-22 00:00:00+00:00,Question Completed,1,1,1,1,0,1,1,0
65a1ed170ffc853d38db5e19bff6365a,2025-12-17 00:00:00+00:00,7,2,Türkiye,First Open,ANDROID,,First Open,First Open,1.0.5,1.0.7,70.73,8,32,0,0,7,1,1,1,1,1,1,1,1,1,0,0,2025-12-23 00:00:00+00:00,Question Completed,1,1,1,1,1,1,1,1
68831ebc98d293a66590c6f7147645b6,2025-12-13 00:00:00+00:00,2,3,United States,First Open,IOS,,First Open,First Open,1.0.7,1.0.7,5.7,1,4,0,0,2,1,1,0,1,1,1,1,0,0,0,0,2025-12-20 00:00:00+00:00,Question Started,1,1,1,1,0,1,1,0
6c628879df9345653e91d6a6e0c990db,2025-12-12 00:00:00+00:00,4,4,Türkiye,First Open,ANDROID,,First Open,First Open,1.0.5,1.0.7,23.67,5,14,1,0,4,1,1,1,1,0,1,1,0,0,0,0,2025-12-20 00:00:00+00:00,Question Completed,1,1,1,1,1,1,1,1
6cbd27e930b1da4315947a73cb727572,2025-12-14 00:00:00+00:00,1,3,United States,First Open,ANDROID,,First Open,First Open,1.0.6,1.0.7,12.28,0,5,0,0,1,1,1,0,0,0,0,0,0,1,0,0,2025-12-21 00:00:00+00:00,Question Started,1,1,1,1,0,0,1,1
6cc316fe399416faf2ad4a5b924e93e5,2025-12-05 00:00:00+00:00,2,2,United States,First Open,ANDROID,,First Open,First Open,1.0.5,1.0.7,15.23,4,7,0,0,2,1,1,0,1,1,1,1,0,1,0,0,2025-12-19 00:00:00+00:00,Question Completed,1,1,1,1,0,1,1,1
6e22a70fa485ed5cccddff82d8f6567d,2025-12-17 00:00:00+00:00,1,1,Türkiye,First Open,IOS,,First Open,First Open,1.0.6,1.0.5,3.28,2,6,1,0,1,1,0,0,0,0,0,0,0,0,0,0,2025-12-17 00:00:00+00:00,Session Started,1,1,1,0,0,0,0,0
6f86eb3bf6683f3c8a7be80b082d9ac3,2025-12-20 00:00:00+00:00,1,2,United States,First Open,ANDROID,,First Open,First Open,1.0.6,1.0.7,10.58,2,5,0,0,1,1,0,0,1,1,0,0,0,1,0,0,2025-12-22 00:00:00+00:00,Question Started,1,1,1,1,0,0,1,1
6fcb3e1ece0bfebe60ac26a1e000f84e,2025-12-12 00:00:00+00:00,3,1,United States,First Open,ANDROID,,First Open,First Open,1.0.7,1.0.7,17.08,3,13,1,0,3,1,1,0,1,0,1,1,0,1,0,0,2025-12-22 00:00:00+00:00,Question Completed,1,1,1,0,1,1,1,1
732349bab451bf1965050af8479dc028,2025-12-20 00:00:00+00:00,4,4,Türkiye,Session Started,ANDROID,,Session Started,Session Started,1.0.5,1.0.5,26.63,6,17,0,0,4,0,1,0,1,1,1,0,0,1,0,0,2025-12-23 00:00:00+00:00,Session Started,1,1,1,1,1,1,1,1
7427d291cfc8bdb7f37bed64ce42d050,2025-12-22 00:00:00+00:00,2,2,United States,First Open,IOS,,First Open,First Open,1.0.5,1.0.6,13.08,3,9,0,0,2,1,1,0,1,1,1,0,1,1,0,0,2025-12-23 00:00:00+00:00,Question Started,1,1,1,1,0,1,1,1
74b5e8ceebaf608d00ca3c7d4f65a1e6,2025-12-03 00:00:00+00:00,4,1,United States,First Open,IOS,,First Open,First Open,1.0.7,1.0.5,26.55,4,14,0,0,4,1,0,0,1,1,1,0,1,1,0,0,2025-12-20 00:00:00+00:00,Question Started,1,1,1,0,1,1,1,1
7529d48fdc580e0003ee8852a97b49d0,2025-12-11 00:00:00+00:00,1,4,United States,First Open,ANDROID,,First Open,First Open,1.0.5,1.0.7,7.93,3,7,1,0,1,1,1,1,0,1,1,0,1,1,0,0,2025-12-20 00:00:00+00:00,Question Completed,1,1,1,1,0,0,1,0
778ec0c559f183e7de1ccdfcdb4dbafb,2025-12-06 00:00:00+00:00,3,3,United States,First Open,ANDROID,,First Open,First Open,1.0.5,1.0.5,26.25,1,10,0,1,3,1,0,0,1,0,0,0,1,1,0,0,2025-12-18 00:00:00+00:00,Session Started,1,1,1,1,1,1,1,1
78c6cf55b4b55c5bc853d6ac78ab2f48,2025-12-21 00:00:00+00:00,3,2,Türkiye,Session Started,IOS,,Session Started,Session Started,1.0.5,1.0.6,28.07,4,15,1,0,3,1,1,1,1,1,1,1,0,1,0,0,2025-12-23 00:00:00+00:00,Ad Rewarded,1,1,1,1,1,1,1,1
79d2062ed64b71ab1c8dda55b138fcd3,2025-12-14 00:00:00+00:00,2,3,United States,First Open,ANDROID,,First Open,First Open,1.0.7,1.0.5,20.3,1,5,0,0,2,1,0,0,1,1,1,1,0,1,0,0,2025-12-22 00:00:00+00:00,Question Started,1,1,1,1,0,1,1,1
7ab19c62907f72c9809fc00bed149070,2025-12-18 00:00:00+00:00,4,2,United States,First Open,ANDROID,,First Open,First Open,1.0.6,1.0.7,23.17,4,12,0,0,4,1,0,0,1,1,1,0,1,1,0,0,2025-12-22 00:00:00+00:00,Question Started,1,1,1,1,1,1,1,1
7b1a001cbd746f566552e8d323883514,2025-12-05 00:00:00+00:00,2,3,United States,First Open,IOS,,First Open,First Open,1.0.6,1.0.7,11.85,1,9,1,0,2,0,0,0,0,1,0,1,0,1,0,0,2025-12-18 00:00:00+00:00,Session Started,1,1,1,1,0,1,1,1
7b2a54c18723ddebc4902a5070988828,2025-12-05 00:00:00+00:00,1,1,Türkiye,First Open,IOS,,First Open,First Open,1.0.7,1.0.5,3.03,0,1,0,0,1,1,1,0,0,1,0,0,1,0,0,0,2025-12-17 00:00:00+00:00,Question Completed,1,0,0,0,0,0,1,0
7ba432a3f99be6b339584c46aa7ce13f,2025-12-16 00:00:00+00:00,2,2,United States,First Open,ANDROID,,First Open,First Open,1.0.5,1.0.5,20.38,0,8,0,0,2,1,0,0,1,1,0,1,1,1,0,0,2025-12-21 00:00:00+00:00,Session Started,1,1,1,1,0,1,1,1
7e8084b6b4d23db072ecc3b49fcc2792,2025-12-23 00:00:00+00:00,1,1,Türkiye,Session Started,ANDROID,,Session Started,Session Started,1.0.5,1.0.7,2.4,2,6,0,0,1,1,1,0,0,0,0,0,1,1,0,0,2025-12-23 00:00:00+00:00,Session Started,1,1,1,0,0,0,0,0
813b5fccf9896e57763bb49d5eb2c426,2025-12-18 00:00:00+00:00,1,2,United States,First Open,IOS,,First Open,First Open,1.0.6,1.0.6,8.57,1,6,0,0,1,1,0,0,1,1,1,0,1,0,0,0,2025-12-21 00:00:00+00:00,Session Started,1,1,1,1,0,0,1,0
821e47d8b2ee28898d9a2fa3ff53f48d,2025-12-18 00:00:00+00:00,3,1,Türkiye,First Open,ANDROID,,First Open,First Open,1.0.7,1.0.7,32.92,2,19,0,0,3,1,1,1,1,1,1,0,1,1,0,0,2025-12-21 00:00:00+00:00,Question Completed,1,1,1,0,1,1,1,1
82c7a15860c02bfb66a2c34ea8573d19,2025-12-03 00:00:00+00:00,3,2,Türkiye,First Open,IOS,,First Open,First Open,1.0.5,1.0.5,18.87,3,12,0,0,3,1,1,1,1,1,1,1,0,1,0,0,2025-12-10 00:00:00+00:00,Question Completed,1,1,1,1,1,1,1,1
8391aa7fd2ba4b789e1954e3ef4ce9ad,2025-12-11 00:00:00+00:00,3,1,Türkiye,First Open,IOS,,First Open,First Open,1.0.6,1.0.5,28.68,2,13,0,0,3,1,1,0,1,1,1,1,1,1,0,0,2025-12-21 00:00:00+00:00,Question Started,1,1,1,0,1,1,1,1
83c6266d369f341be3071f470ba75b76,2025-12-15 00:00:00+00:00,1,1,United States,First Open,IOS,,First Open,First Open,1.0.6,1.0.5,6.15,0,7,0,0,1,1,1,1,0,1,0,0,1,0,0,0,2025-12-20 00:00:00+00:00,Spent Virtual Currency,1,1,1,0,0,0,1,0
83df20caa8a75049793dadecb06ee8dd,2025-12-04 00:00:00+00:00,4,3,Türkiye,First Open,IOS,,First Open,First Open,1.0.6,1.0.6,10.85,3,13,0,2,4,1,1,1,1,1,1,0,1,1,0,0,2025-12-23 00:00:00+00:00,Question Started,1,1,1,1,1,1,1,1
85a4406e22d3e99440c9f196beef2cc9,2025-12-07 00:00:00+00:00,3,1,United States,First Open,IOS,,First Open,First Open,1.0.6,1.0.7,26.85,2,8,1,1,3,1,1,1,1,1,1,1,1,1,0,0,2025-12-16 00:00:00+00:00,Session Started,1,1,1,0,0,1,1,1
86d8425ec2279b9fc1e7d429c9976508,2025-12-05 00:00:00+00:00,2,3,Türkiye,First Open,ANDROID,,First Open,First Open,1.0.6,1.0.5,5.33,1,4,0,0,2,1,1,1,1,1,1,0,0,1,0,0,2025-12-19 00:00:00+00:00,Session Started,1,1,1,1,0,1,1,0
87d39aff64b458d1d2421d18fc3d5452,2025-12-18 00:00:00+00:00,3,3,Türkiye,First Open,ANDROID,,First Open,First Open,1.0.5,1.0.6,22.28,5,13,0,0,3,1,1,1,1,1,0,0,1,0,0,0,2025-12-20 00:00:00+00:00,Question Completed,1,1,1,1,1,1,1,1
881803ef6e39be0936fae3ae1d560d3f,2025-12-13 00:00:00+00:00,1,1,United States,First Open,ANDROID,,First Open,First Open,1.0.5,1.0.7,7.08,3,7,0,0,1,1,0,0,1,0,1,0,0,0,0,0,2025-12-20 00:00:00+00:00,Question Started,1,1,1,0,0,0,1,0
89aa2889e9daa3d70c2d9d30c4045220,2025-12-04 00:00:00+00:00,3,2,Türkiye,First Open,IOS,,First Open,First Open,1.0.7,1.0.6,12.5,1,11,1,0,3,1,0,0,1,0,1,0,1,1,0,0,2025-12-16 00:00:00+00:00,Session Started,1,1,1,1,1,1,1,1
8a6170d59c75ebef425a23975a29ddc2,2025-12-19 00:00:00+00:00,7,2,United States,First Open,ANDROID,,First Open,First Open,1.0.5,1.0.7,27.63,4,24,0,0,7,0,0,0,1,1,1,1,1,1,0,0,2025-12-23 00:00:00+00:00,Spent Virtual Currency,1,1,1,1,1,1,1,1
8bd4b41e5af5a816dd4985b7cf873527,2025-12-05 00:00:00+00:00,2,4,United States,First Open,IOS,,First Open,First Open,1.0.5,1.0.7,13.6,3,13,0,0,2,1,0,0,1,1,1,0,1,1,0,0,2025-12-20 00:00:00+00:00,Session Started,1,1,1,1,1,1,1,1
90e61a605152192234943b7d460e5cb4,2025-12-21 00:00:00+00:00,2,2,United States,Session Started,ANDROID,,Session Started,Session Started,1.0.5,1.0.5,20.88,5,13,0,0,2,1,1,1,1,1,1,1,1,1,0,0,2025-12-23 00:00:00+00:00,Question Completed,1,1,1,1,1,1,1,1
934bd15694009b4e36d37af1ed58ea34,2025-12-14 00:00:00+00:00,3,3,Türkiye,First Open,IOS,,First Open,First Open,1.0.5,1.0.5,22.25,3,15,0,1,3,1,1,1,1,1,1,1,0,0,0,0,2025-12-16 00:00:00+00:00,Spent Virtual Currency,1,1,1,1,1,1,1,1
94a2913cf0bda5b0de561af4024c7002,2025-12-03 00:00:00+00:00,2,1,United States,First Open,ANDROID,,First Open,First Open,1.0.7,1.0.6,20.87,0,8,0,0,2,1,1,1,0,1,1,0,1,1,0,0,2025-12-23 00:00:00+00:00,Question Completed,1,1,1,0,0,1,1,1
95f99f5483926a240883f5194f893973,2025-12-15 00:00:00+00:00,5,2,Türkiye,First Open,ANDROID,16,First Open,First Open,1.0.6,1.0.7,31.25,5,22,0,0,5,1,1,1,1,1,1,1,1,1,0,0,2025-12-22 00:00:00+00:00,Mini-game Started,1,1,1,1,1,1,1,1
9702da37ef20e1fe7dde4c26b798d388,2025-12-18 00:00:00+00:00,4,3,Türkiye,First Open,IOS,,First Open,First Open,1.0.6,1.0.6,23.93,4,20,1,0,4,1,1,1,1,1,1,1,1,1,0,0,2025-12-23 00:00:00+00:00,Question Completed,1,1,1,1,1,1,1,1
972c94b5cef7d38876816bd119b32240,2025-12-17 00:00:00+00:00,4,2,United States,First Open,IOS,,First Open,First Open,1.0.7,1.0.7,23.53,5,20,2,0,4,1,0,0,1,1,0,1,1,0,0,0,2025-12-21 00:00:00+00:00,Question Completed,1,1,1,1,1,1,1,1
97d3d2b2006d616f6dfc2651fb958d35,2025-12-07 00:00:00+00:00,1,3,Türkiye,First Open,ANDROID,,First Open,First Open,1.0.6,1.0.5,7.52,4,7,1,0,1,0,1,1,0,0,0,0,0,1,0,0,2025-12-11 00:00:00+00:00,Question Started,1,1,1,1,0,0,1,0
996c406edb7139b6d86423beb7b60217,2025-12-19 00:00:00+00:00,1,1,Türkiye,First Open,ANDROID,,First Open,First Open,1.0.6,1.0.7,6.98,1,5,0,0,1,1,1,1,1,1,0,0,1,0,0,0,2025-12-22 00:00:00+00:00,Session Started,1,1,1,0,0,0,1,0
9a3fd326c9d46b27fc4de7aed45ed142,2025-12-12 00:00:00+00:00,5,4,United States,First Open,ANDROID,,First Open,First Open,1.0.6,1.0.6,29.98,4,19,1,0,5,1,1,0,1,1,1,1,1,1,0,0,2025-12-22 00:00:00+00:00,Game Ended,1,1,1,1,1,1,1,1
9b57c600894735d670223fc8ff8bd6d0,2025-12-17 00:00:00+00:00,2,1,Türkiye,First Open,ANDROID,,First Open,First Open,1.0.7,1.0.5,9.53,0,3,1,0,2,1,1,1,0,0,1,0,0,1,0,0,2025-12-21 00:00:00+00:00,Session Started,1,1,1,0,0,1,1,0
9da4553377664bd592628b52b29b6ce0,2025-12-08 00:00:00+00:00,2,3,Türkiye,First Open,ANDROID,16,First Open,First Open,1.0.7,1.0.5,14.67,1,9,0,0,2,0,1,0,1,1,1,1,0,1,0,0,2025-12-12 00:00:00+00:00,Question Completed,1,1,1,1,0,1,1,1
9dae86981b9f61890700ba712ae1841e,2025-12-09 00:00:00+00:00,1,1,Türkiye,First Open,IOS,,First Open,First Open,1.0.5,1.0.5,1.18,0,1,0,0,1,0,1,1,0,0,0,0,0,0,0,0,2025-12-13 00:00:00+00:00,Question Completed,1,0,0,0,0,0,1,0
9e2d35fcb48e270b5c3def89859a7237,2025-12-17 00:00:00+00:00,2,3,Türkiye,Session Started,ANDROID,,Session Started,Session Started,1.0.7,1.0.5,21.85,2,7,1,0,2,0,1,1,1,1,0,1,0,1,0,0,2025-12-20 00:00:00+00:00,Game Ended,1,1,1,1,0,1,1,1
a0355f23c77f30e45d91ee0d22c9683b,2025-12-11 00:00:00+00:00,1,1,United States,First Open,ANDROID,,First Open,First Open,1.0.6,1.0.6,4.52,0,1,1,0,1,1,0,0,0,1,0,0,1,0,0,0,2025-12-17 00:00:00+00:00,Question Started,1,0,0,0,0,0,1,0
a2023849bcc4ef1a6da75150fa86a7e5,2025-12-12 00:00:00+00:00,2,4,United States,First Open,ANDROID,,First Open,First Open,1.0.7,1.0.5,7.88,2,8,0,0,2,0,0,0,1,1,1,0,1,1,0,0,2025-12-20 00:00:00+00:00,Session Started,1,1,1,1,0,1,1,0
a33e19827fbc3ca89922b25a2ac62d13,2025-12-04 00:00:00+00:00,4,1,Türkiye,First Open,ANDROID,,First Open,First Open,1.0.7,1.0.6,15.57,1,18,0,0,4,0,0,0,1,1,1,1,1,1,0,0,2025-12-23 00:00:00+00:00,Question Completed,1,1,1,0,1,1,1,1
a365c71d07ef5391ed196fd423ebb565,2025-12-03 00:00:00+00:00,4,1,Türkiye,First Open,ANDROID,,First Open,First Open,1.0.6,1.0.5,33.52,7,19,0,0,4,1,1,1,1,1,1,1,0,1,0,0,2025-12-23 00:00:00+00:00,Question Started,1,1,1,0,1,1,1,1
a41c1a972d6bdfcafe085b2df1c7f9f0,2025-12-18 00:00:00+00:00,4,1,Türkiye,First Open,IOS,,First Open,First Open,1.0.5,1.0.6,22.03,6,19,1,1,4,1,1,1,1,1,1,1,1,1,0,0,2025-12-22 00:00:00+00:00,Session Started,1,1,1,0,1,1,1,1
a6451b963e9473b18df630bfb203bacf,2025-12-23 00:00:00+00:00,2,2,United States,First Open,IOS,,First Open,First Open,1.0.6,1.0.7,9.47,2,6,0,0,2,1,0,0,1,1,1,1,1,1,0,0,2025-12-23 00:00:00+00:00,Ad Rewarded,1,1,1,1,0,1,0,0
a68bf55f4fb8fff3f71ec108f6e6e6d9,2025-12-04 00:00:00+00:00,1,1,Türkiye,First Open,IOS,,First Open,First Open,1.0.7,1.0.6,1.03,1,6,0,0,1,1,1,0,0,1,0,1,1,0,0,0,2025-12-16 00:00:00+00:00,Session Started,1,1,1,0,0,0,1,0
a75c330e09b5ebe87648bf353379e903,2025-12-11 00:00:00+00:00,1,2,United States,First Open,ANDROID,,First Open,First Open,1.0.6,1.0.7,3.03,1,3,0,0,1,1,1,0,1,1,0,0,1,1,0,0,2025-12-14 00:00:00+00:00,Session Started,1,1,1,1,0,0,1,0
a775d34435b52277617d78b195641297,2025-12-06 00:00:00+00:00,3,2,United States,First Open,ANDROID,,First Open,First Open,1.0.7,1.0.7,11.67,3,8,1,0,3,1,1,1,1,1,1,1,0,1,0,0,2025-12-17 00:00:00+00:00,Question Completed,1,1,1,1,0,1,1,1
a7a5bcf1ac687b15a33417c15d98bfb4,2025-12-08 00:00:00+00:00,2,1,Türkiye,First Open,ANDROID,,First Open,First Open,1.0.5,1.0.6,0.65,4,6,0,0,2,1,1,1,1,0,1,0,0,1,0,0,2025-12-17 00:00:00+00:00,Session Started,1,1,1,0,0,1,1,0
a7b3b0d79637f66f01467288b67eefe0,2025-12-16 00:00:00+00:00,4,1,United States,First Open,ANDROID,17,First Open,First Open,1.0.7,1.0.6,27.85,2,26,1,0,4,1,1,1,1,1,1,1,1,1,0,0,2025-12-22 00:00:00+00:00,Question Completed,1,1,1,0,1,1,1,1
a7cb9f6bdee027d3944aeefe95512899,2025-12-20 00:00:00+00:00,1,3,Türkiye,First Open,IOS,,First Open,First Open,1.0.6,1.0.7,5.33,0,3,0,0,1,0,1,1,0,1,1,1,0,0,0,0,2025-12-21 00:00:00+00:00,Question Completed,1,1,1,1,0,0,1,0
a8ff96a6a5c1a5b68bc4d6fc47f99663,2025-12-14 00:00:00+00:00,2,2,United States,First Open,ANDROID,,First Open,First Open,1.0.7,1.0.5,16.58,2,2,0,1,2,1,0,0,1,1,0,0,1,0,0,0,2025-12-22 00:00:00+00:00,Session Started,1,1,0,1,0,1,1,1
a93c7533fd49c0a0e50fc1e44e9c078d,2025-12-15 00:00:00+00:00,3,4,United States,First Open,IOS,,First Open,First Open,1.0.5,1.0.6,22.27,4,16,1,0,3,1,1,1,1,1,0,0,1,0,0,0,2025-12-20 00:00:00+00:00,Question Completed,1,1,1,1,1,1,1,1
a9d979d87e88b92d03632e3d2e10d892,2025-12-16 00:00:00+00:00,1,3,United States,Session Started,IOS,,Session Started,Session Started,1.0.5,1.0.7,6.37,2,5,1,0,1,0,0,0,1,0,0,0,1,0,0,0,2025-12-16 00:00:00+00:00,Ad Rewarded,1,1,1,1,0,0,0,0
acbd182f1852cc207106a31ec69533bf,2025-12-08 00:00:00+00:00,2,2,United States,First Open,ANDROID,,First Open,First Open,1.0.6,1.0.7,18.08,3,9,1,0,2,1,0,0,1,1,1,1,1,1,0,0,2025-12-20 00:00:00+00:00,Session Started,1,1,1,1,0,1,1,1
adcd9629abea1bc40b8b0768e6993ea0,2025-12-18 00:00:00+00:00,1,1,United States,First Open,IOS,,First Open,First Open,1.0.5,1.0.6,6.68,0,1,0,0,1,1,0,0,0,1,0,0,1,1,0,0,2025-12-22 00:00:00+00:00,Session Started,1,0,0,0,0,0,1,0
af3f15ad2752d105e4c97adff7bcfc65,2025-12-16 00:00:00+00:00,2,3,United States,First Open,ANDROID,,First Open,First Open,1.0.7,1.0.5,9.92,0,10,0,2,2,1,1,0,1,1,1,1,1,1,0,0,2025-12-21 00:00:00+00:00,Question Completed,1,1,1,1,1,1,1,0
afc38dc35ebf35bf52aff51e0c5f469e,2025-12-06 00:00:00+00:00,2,3,United States,First Open,IOS,,First Open,First Open,1.0.6,1.0.6,16.85,0,8,1,1,2,1,1,0,0,0,0,0,1,1,0,0,2025-12-23 00:00:00+00:00,Session Started,1,1,1,1,0,1,1,1
b0e65244f15ee49873d45ee443431ee9,2025-12-06 00:00:00+00:00,1,1,Türkiye,First Open,IOS,,First Open,First Open,1.0.7,1.0.6,0.78,0,1,0,0,1,1,1,1,0,0,0,0,0,1,0,0,2025-12-18 00:00:00+00:00,Question Started,1,0,0,0,0,0,1,0
b118203c513d24b932370e58cdcc61d9,2025-12-05 00:00:00+00:00,4,1,United States,First Open,IOS,,First Open,First Open,1.0.6,1.0.7,20.47,8,16,0,0,4,0,1,0,1,1,1,1,1,1,0,0,2025-12-14 00:00:00+00:00,Question Completed,1,1,1,0,1,1,1,1
b132883bcb8ada905355d44636f530fd,2025-12-15 00:00:00+00:00,3,1,United States,First Open,IOS,,First Open,First Open,1.0.6,1.0.5,16.2,5,16,0,0,3,1,1,0,1,1,1,1,1,1,0,0,2025-12-23 00:00:00+00:00,Session Started,1,1,1,0,1,1,1,1
b231fdd1363f88a555df199967f5b0e6,2025-12-17 00:00:00+00:00,2,2,Türkiye,First Open,ANDROID,,First Open,First Open,1.0.5,1.0.6,7.52,0,2,0,0,2,1,0,0,1,1,0,0,1,1,0,0,2025-12-20 00:00:00+00:00,Session Started,1,1,0,1,0,1,1,0
b2e5c27bd81db3354e732b6912c65f5f,2025-12-23 00:00:00+00:00,1,3,United States,Session Started,IOS,,Session Started,Session Started,1.0.5,1.0.6,6.7,1,3,0,0,1,0,1,1,1,0,0,0,1,1,0,0,2025-12-23 00:00:00+00:00,Session Started,1,1,1,1,0,0,0,0
b5012ba63b8c60b93c8e816197ecc13f,2025-12-03 00:00:00+00:00,2,1,United States,First Open,IOS,,First Open,First Open,1.0.7,1.0.5,7.35,1,10,0,0,2,1,1,1,1,1,0,1,1,1,0,0,2025-12-22 00:00:00+00:00,Question Completed,1,1,1,0,1,1,1,0
b59a019a63608cbffb8c9e755ee718d1,2025-12-11 00:00:00+00:00,4,1,United States,Session Started,ANDROID,,Session Started,Session Started,1.0.7,1.0.6,20.62,5,17,1,0,4,1,1,1,1,1,1,0,1,0,0,0,2025-12-21 00:00:00+00:00,Question Completed,1,1,1,0,1,1,1,1
b8d81217d9b1421c155ae23933d92134,2025-12-08 00:00:00+00:00,1,2,Türkiye,First Open,IOS,,First Open,First Open,1.0.7,1.0.6,2.88,3,3,0,0,1,1,1,1,0,0,1,0,0,1,0,0,2025-12-14 00:00:00+00:00,Ad Rewarded,1,1,1,1,0,0,1,0
b9283f263e742fed1de9cd8085cf5dd5,2025-12-08 00:00:00+00:00,4,3,United States,First Open,IOS,,First Open,First Open,1.0.7,1.0.6,21.52,5,22,2,0,4,0,1,1,1,1,1,1,1,1,0,0,2025-12-16 00:00:00+00:00,Ad Rewarded,1,1,1,1,1,1,1,1
b9a46059fb21f6511065747ec00a6b06,2025-12-08 00:00:00+00:00,1,2,Türkiye,First Open,IOS,,First Open,First Open,1.0.7,1.0.5,2.07,2,4,0,0,1,0,1,1,1,1,0,0,0,1,0,0,2025-12-12 00:00:00+00:00,Ad Rewarded,1,1,1,1,0,0,1,0
b9c6694264830615f6c6267c07896958,2025-12-22 00:00:00+00:00,1,1,United States,First Open,IOS,17,First Open,First Open,1.0.6,1.0.7,6.5,1,3,0,0,1,1,0,0,0,0,1,0,1,1,0,0,2025-12-23 00:00:00+00:00,Question Completed,1,1,1,0,0,0,1,0
ba7384d15eac2178d39c79fffb9155c9,2025-12-10 00:00:00+00:00,1,1,United States,First Open,IOS,,First Open,First Open,1.0.5,1.0.5,8.18,0,2,0,0,1,1,1,1,1,0,1,0,1,0,0,0,2025-12-12 00:00:00+00:00,Question Completed,1,1,0,0,0,0,1,0
bc5c18d98a7beacb65534e89414e115c,2025-12-21 00:00:00+00:00,3,3,Türkiye,First Open,IOS,,First Open,First Open,1.0.5,1.0.7,16.15,5,10,0,0,3,1,1,1,0,1,1,1,1,1,0,0,2025-12-23 00:00:00+00:00,Question Completed,1,1,1,1,1,1,1,1
bd3ca186be7fb853f8aa5d2b10962ef2,2025-12-19 00:00:00+00:00,1,3,Türkiye,First Open,ANDROID,,First Open,First Open,1.0.6,1.0.5,9.38,1,5,0,0,1,1,1,0,0,0,1,1,1,0,0,0,2025-12-21 00:00:00+00:00,Spent Virtual Currency,1,1,1,1,0,0,1,0
bdc4c0fa08a747eb1d4c1cebd78d74f0,2025-12-23 00:00:00+00:00,1,1,Türkiye,First Open,IOS,,First Open,First Open,1.0.5,1.0.6,7.42,0,2,0,0,1,1,1,1,0,1,0,0,1,0,0,0,2025-12-23 00:00:00+00:00,First Open,1,1,0,0,0,0,0,0
bf56b23237bb1d3288f109bd45da2a5a,2025-12-13 00:00:00+00:00,1,1,United States,First Open,ANDROID,,First Open,First Open,1.0.5,1.0.6,6.1,2,6,0,0,1,1,1,0,0,0,1,0,1,1,0,0,2025-12-22 00:00:00+00:00,Question Started,1,1,1,0,0,0,1,0
c007d3707764a1cd138fe905806d01cc,2025-12-12 00:00:00+00:00,1,1,Türkiye,First Open,IOS,,First Open,First Open,1.0.5,1.0.7,2.22,5,6,0,0,1,1,1,0,1,1,1,0,0,1,0,0,2025-12-18 00:00:00+00:00,Question Completed,1,1,1,0,0,0,1,0
c0ec6f925d9929509f4fc24d551078ad,2025-12-04 00:00:00+00:00,3,3,United States,First Open,IOS,,First Open,First Open,1.0.5,1.0.5,26.23,4,10,1,0,3,0,1,0,1,1,1,0,1,0,0,0,2025-12-15 00:00:00+00:00,Question Started,1,1,1,1,1,1,1,1
c1e3c33a149046938b53480217dda408,2025-12-04 00:00:00+00:00,1,2,United States,First Open,ANDROID,,First Open,First Open,1.0.6,1.0.6,3.57,0,5,0,0,1,1,1,1,1,1,0,1,0,0,0,0,2025-12-05 00:00:00+00:00,Question Started,1,1,1,1,0,0,1,0
c20bf5ffdee090429ba320c84586454f,2025-12-03 00:00:00+00:00,1,2,Türkiye,First Open,IOS,,First Open,First Open,1.0.7,1.0.7,3.23,0,4,1,0,1,1,0,0,0,1,0,0,1,1,0,0,2025-12-17 00:00:00+00:00,Question Completed,1,1,1,1,0,0,1,0
c224c5a264543d97bd20035f0041b8a4,2025-12-15 00:00:00+00:00,2,1,Türkiye,First Open,ANDROID,,First Open,First Open,1.0.7,1.0.7,3.93,0,6,0,0,2,1,0,0,1,1,0,1,0,1,0,0,2025-12-22 00:00:00+00:00,Question Started,1,1,1,0,0,1,1,0
c499640a7e39007fa3e558e95527fa67,2025-12-11 00:00:00+00:00,2,3,United States,Session Started,ANDROID,,Session Started,Session Started,1.0.7,1.0.7,19.42,3,8,0,0,2,1,1,0,1,0,1,0,0,1,0,0,2025-12-12 00:00:00+00:00,Question Completed,1,1,1,1,0,1,1,1
c5a3ab342991c41c8de869d0e9b933bb,2025-12-14 00:00:00+00:00,1,3,United States,First Open,ANDROID,,First Open,First Open,1.0.6,1.0.7,1.77,2,4,0,0,1,1,1,0,1,0,0,1,1,1,0,0,2025-12-16 00:00:00+00:00,Question Completed,1,1,1,1,0,0,1,0
c649554925959b5fb24f76191294c7f9,2025-12-21 00:00:00+00:00,4,3,United States,First Open,ANDROID,,First Open,First Open,1.0.5,1.0.6,29.27,3,17,0,0,4,1,1,0,1,1,1,1,1,1,0,0,2025-12-23 00:00:00+00:00,Spent Virtual Currency,1,1,1,1,1,1,1,1
c818f186550a00abbd5dd34c87275abc,2025-12-20 00:00:00+00:00,3,1,United States,First Open,IOS,16,First Open,First Open,1.0.5,1.0.6,16.5,5,11,1,1,3,0,1,0,1,1,1,0,1,1,0,0,2025-12-23 00:00:00+00:00,Session Started,1,1,1,0,1,1,1,1
c9ebf81de2fc374da2e89182e5980843,2025-12-23 00:00:00+00:00,1,3,United States,First Open,ANDROID,,First Open,First Open,1.0.6,1.0.7,9.97,0,6,0,0,1,1,0,0,1,0,0,0,1,1,0,0,2025-12-24 00:00:00+00:00,Question Started,1,1,1,1,0,0,1,0
ca407e7d0668ddc22e3aada1074383a5,2025-12-16 00:00:00+00:00,4,1,Türkiye,First Open,ANDROID,,First Open,First Open,1.0.6,1.0.7,44.05,6,22,0,1,4,1,0,0,1,1,1,1,1,1,0,0,2025-12-22 00:00:00+00:00,Question Started,1,1,1,0,1,1,1,1
caac969248f7727b67ca63d3714e1bc4,2025-12-10 00:00:00+00:00,4,3,United States,First Open,ANDROID,18,First Open,First Open,1.0.5,1.0.6,15.87,5,16,0,0,4,1,1,1,1,1,0,1,1,1,0,0,2025-12-23 00:00:00+00:00,Mini-game Started,1,1,1,1,1,1,1,1
cabdd099a7f8904766917032b9e89a40,2025-12-05 00:00:00+00:00,1,3,Türkiye,First Open,ANDROID,,First Open,First Open,1.0.6,1.0.7,7.5,0,3,0,0,1,0,0,0,1,1,0,0,1,1,0,0,2025-12-23 00:00:00+00:00,Session Started,1,1,1,1,0,0,1,0
cb6252a86272a9af200721c879f780eb,2025-12-15 00:00:00+00:00,4,4,Türkiye,First Open,IOS,Android 15,First Open,First Open,1.0.5,1.0.6,34.62,5,18,1,0,4,1,1,1,1,1,1,1,1,1,0,0,2025-12-23 00:00:00+00:00,Question Started,1,1,1,1,1,1,1,1
cb9adeeea5b2536c0a2d3f94a60645b0,2025-12-15 00:00:00+00:00,1,1,Türkiye,First Open,ANDROID,,First Open,First Open,1.0.7,1.0.7,3.92,0,1,0,0,1,1,0,0,1,1,0,0,0,1,0,0,2025-12-21 00:00:00+00:00,Menu Opened,1,0,0,0,0,0,1,0
cba8b42f304019473bd16e3c4b6e96d4,2025-12-11 00:00:00+00:00,1,1,Türkiye,First Open,IOS,,First Open,First Open,1.0.7,1.0.5,14.02,2,5,0,0,1,1,0,0,1,1,1,0,1,1,0,0,2025-12-21 00:00:00+00:00,Spent Virtual Currency,1,1,1,0,0,0,1,1
cbfb3387b22d596470688d04e53e38e7,2025-12-18 00:00:00+00:00,3,2,Türkiye,First Open,IOS,,First Open,First Open,1.0.5,1.0.5,17.27,3,7,1,0,3,1,1,0,1,0,1,1,1,1,0,0,2025-12-23 00:00:00+00:00,Session Started,1,1,1,1,0,1,1,1
cc4bb625d81e850982d8134bcd9e59a5,2025-12-09 00:00:00+00:00,4,3,United States,First Open,IOS,18,First Open,First Open,1.0.7,1.0.7,29.82,3,16,1,0,4,1,1,1,1,1,1,0,1,1,0,0,2025-12-16 00:00:00+00:00,Ad Rewarded,1,1,1,1,1,1,1,1
cc9d9ee5529d49691744644462424b58,2025-12-17 00:00:00+00:00,3,1,Türkiye,First Open,IOS,,First Open,First Open,1.0.6,1.0.6,11.5,2,9,0,0,3,1,1,1,1,1,1,0,1,0,0,0,2025-12-19 00:00:00+00:00,Question Completed,1,1,1,0,0,1,1,1
ce13677108620cfe60cd254eb16e8bdc,2025-12-13 00:00:00+00:00,2,3,Türkiye,First Open,ANDROID,,First Open,First Open,1.0.7,1.0.7,8.07,2,11,0,0,2,1,1,0,1,1,0,1,0,1,0,0,2025-12-18 00:00:00+00:00,Question Started,1,1,1,1,1,1,1,0
cf5d18469119a0f7f2eacc22f63ad4e1,2025-12-18 00:00:00+00:00,2,4,Türkiye,First Open,ANDROID,,First Open,First Open,1.0.6,1.0.5,11.17,2,13,0,0,2,1,1,0,1,1,1,1,0,1,0,0,2025-12-19 00:00:00+00:00,Question Started,1,1,1,1,1,1,1,1
cfe74437f34b585fc9b5004631b457c1,2025-12-05 00:00:00+00:00,1,3,Türkiye,Session Started,ANDROID,,Session Started,Session Started,1.0.7,1.0.7,4.65,1,6,0,0,1,1,1,0,1,0,1,1,1,0,0,0,2025-12-05 00:00:00+00:00,Question Started,1,1,1,1,0,0,0,0
d1026872e7d5e9fce3c90598e9f041e7,2025-12-15 00:00:00+00:00,2,3,Türkiye,First Open,ANDROID,16,First Open,First Open,1.0.7,1.0.5,11.0,0,9,0,1,2,0,1,0,1,1,0,0,1,1,0,0,2025-12-22 00:00:00+00:00,Session Started,1,1,1,1,0,1,1,1
d681a9448e5ffad0041c40b6f4e80536,2025-12-18 00:00:00+00:00,3,3,Türkiye,First Open,ANDROID,,First Open,First Open,1.0.6,1.0.6,24.4,3,9,1,0,3,1,1,1,1,1,1,1,0,1,0,0,2025-12-23 00:00:00+00:00,Session Started,1,1,1,1,0,1,1,1
d71898de6953e3adf6df37b72f24a30b,2025-12-21 00:00:00+00:00,3,3,United States,First Open,IOS,,First Open,First Open,1.0.7,1.0.5,25.65,1,8,0,0,3,1,1,1,1,0,0,0,0,1,0,0,2025-12-22 00:00:00+00:00,Session Started,1,1,1,1,0,1,1,1
d7e07854df9afc20ab0c075497e8c645,2025-12-21 00:00:00+00:00,2,1,United States,First Open,IOS,,First Open,First Open,1.0.6,1.0.7,8.5,1,6,0,0,2,1,1,1,1,0,1,0,1,1,0,0,2025-12-21 00:00:00+00:00,Question Started,1,1,1,0,0,1,0,0
d82b5577907aa254031be65f9c3e2aa3,2025-12-10 00:00:00+00:00,1,2,Türkiye,First Open,ANDROID,,First Open,First Open,1.0.6,1.0.7,6.02,1,2,0,0,1,1,1,1,0,0,1,0,0,0,0,0,2025-12-11 00:00:00+00:00,Question Completed,1,1,0,1,0,0,1,0
d91c188827dc77493301bc65da35bcad,2025-12-19 00:00:00+00:00,4,3,Türkiye,First Open,ANDROID,,First Open,First Open,1.0.6,1.0.6,17.88,4,15,1,0,4,1,0,0,1,1,1,1,1,1,0,0,2025-12-23 00:00:00+00:00,Question Completed,1,1,1,1,1,1,1,1
d9c68604c2257a94bec852d772024192,2025-12-23 00:00:00+00:00,1,1,United States,First Open,ANDROID,,First Open,First Open,1.0.7,1.0.5,9.83,3,6,0,0,1,1,1,1,1,1,1,0,0,0,0,0,2025-12-23 00:00:00+00:00,Menu Opened,1,1,1,0,0,0,0,0
d9e15e8bb09e5af8b4330629626692b2,2025-12-03 00:00:00+00:00,2,3,Türkiye,First Open,ANDROID,,First Open,First Open,1.0.5,1.0.5,8.77,3,12,0,0,2,1,1,0,1,1,1,1,0,1,0,0,2025-12-23 00:00:00+00:00,Spent Virtual Currency,1,1,1,1,1,1,1,0
da9f754ecfcf8a990f669c5123385b72,2025-12-15 00:00:00+00:00,1,1,Türkiye,First Open,IOS,,First Open,First Open,1.0.6,1.0.7,11.62,0,1,1,0,1,1,0,0,1,1,0,0,0,1,0,0,2025-12-16 00:00:00+00:00,Game Ended,1,0,0,0,0,0,1,1
dc7eddddbc6ed1fc2a85b661944bf8ee,2025-12-07 00:00:00+00:00,4,2,United States,First Open,ANDROID,,First Open,First Open,1.0.7,1.0.5,33.73,6,15,1,0,4,1,0,0,1,1,1,1,1,0,0,0,2025-12-21 00:00:00+00:00,Ad Rewarded,1,1,1,1,1,1,1,1
dccbdb8bc979568b364244f6563ef620,2025-12-05 00:00:00+00:00,2,2,Türkiye,First Open,IOS,,First Open,First Open,1.0.7,1.0.5,14.57,0,4,0,1,2,1,1,1,1,1,1,0,1,1,0,0,2025-12-15 00:00:00+00:00,Question Completed,1,1,1,1,0,1,1,1
dd00e875339d435ccd8f9192e1a53e8a,2025-12-05 00:00:00+00:00,2,2,Türkiye,First Open,ANDROID,,First Open,First Open,1.0.7,1.0.5,2.08,0,2,0,0,2,1,1,1,0,0,1,1,1,1,0,0,2025-12-09 00:00:00+00:00,Spent Virtual Currency,1,1,0,1,0,1,1,0
dd585d49c32da27785d008a7964b04e8,2025-12-18 00:00:00+00:00,4,4,Türkiye,First Open,IOS,,First Open,First Open,1.0.7,1.0.6,32.78,7,24,1,0,4,0,1,1,1,1,1,0,1,0,0,0,2025-12-23 00:00:00+00:00,Session Started,1,1,1,1,1,1,1,1
ddcf3282c6771bbde3a1eb7b3c56ccea,2025-12-13 00:00:00+00:00,3,1,United States,First Open,IOS,,First Open,First Open,1.0.7,1.0.7,23.37,4,19,0,0,3,1,1,1,1,1,1,1,0,0,0,0,2025-12-19 00:00:00+00:00,Question Started,1,1,1,0,1,1,1,1
de81dd93c6fd4ee38b3d2b5f25c68400,2025-12-20 00:00:00+00:00,1,2,Türkiye,First Open,IOS,,First Open,First Open,1.0.6,1.0.5,6.13,0,3,1,0,1,1,0,0,1,1,0,1,1,0,0,0,2025-12-20 00:00:00+00:00,Game Ended,1,1,1,1,0,0,0,0
deb1b5d6b0d859ca9f89eb6c942a46af,2025-12-17 00:00:00+00:00,1,2,United States,First Open,ANDROID,,First Open,First Open,1.0.5,1.0.7,2.15,2,7,1,0,1,0,1,0,1,1,0,1,1,0,0,0,2025-12-22 00:00:00+00:00,Session Started,1,1,1,1,0,0,1,0
dfa8360b7ffae07027ccbef628f8f170,2025-12-13 00:00:00+00:00,3,4,Türkiye,First Open,IOS,,First Open,First Open,1.0.5,1.0.6,21.35,2,8,0,1,3,1,1,1,1,1,0,1,1,1,0,0,2025-12-23 00:00:00+00:00,Question Completed,1,1,1,1,0,1,1,1
e0c34499841d607f75a726c157d23152,2025-12-20 00:00:00+00:00,2,2,Türkiye,Session Started,ANDROID,,Session Started,Session Started,1.0.5,1.0.5,10.67,2,6,1,0,2,1,1,1,0,0,1,0,1,1,0,0,2025-12-23 00:00:00+00:00,Question Completed,1,1,1,1,0,1,1,1
e1547b3a658b8fe54fe6aaf9f0e91af9,2025-12-16 00:00:00+00:00,1,1,Türkiye,First Open,ANDROID,,First Open,First Open,1.0.5,1.0.6,0.92,0,7,0,0,1,1,0,0,0,1,1,0,0,1,0,0,2025-12-23 00:00:00+00:00,Question Completed,1,1,1,0,0,0,1,0
e2623f9d5e790811730118b622813902,2025-12-07 00:00:00+00:00,3,1,Türkiye,First Open,ANDROID,,First Open,First Open,1.0.5,1.0.5,19.88,0,13,2,0,3,1,1,1,1,1,1,1,0,1,0,0,2025-12-16 00:00:00+00:00,Question Completed,1,1,1,0,1,1,1,1
e495e569476ef92e0053ea4a68f1f509,2025-12-21 00:00:00+00:00,4,1,United States,First Open,IOS,,First Open,First Open,1.0.7,1.0.5,19.62,3,15,0,1,4,0,1,1,1,1,1,0,1,1,0,0,2025-12-23 00:00:00+00:00,Session Started,1,1,1,0,1,1,1,1
e9be7b13e5093aef875d84a5a98e0b20,2025-12-20 00:00:00+00:00,2,1,United States,First Open,ANDROID,,First Open,First Open,1.0.6,1.0.7,7.33,3,12,0,0,2,1,0,0,1,1,0,0,0,1,0,0,2025-12-23 00:00:00+00:00,Question Completed,1,1,1,0,1,1,1,0
ea4371da8304f14b0092353b96dcea72,2025-12-20 00:00:00+00:00,2,2,United States,First Open,ANDROID,,First Open,First Open,1.0.6,1.0.6,16.42,1,9,0,0,2,0,1,1,1,1,1,1,1,1,0,0,2025-12-22 00:00:00+00:00,Question Started,1,1,1,1,0,1,1,1
ea4c4683dcc6bca1151a9e932f3a9370,2025-12-17 00:00:00+00:00,2,4,Türkiye,First Open,IOS,,First Open,First Open,1.0.7,1.0.5,8.27,5,9,0,0,2,1,1,1,1,0,1,0,1,1,0,0,2025-12-23 00:00:00+00:00,Session Started,1,1,1,1,0,1,1,0
eb05d4b5c926c29f262ad9614d50a320,2025-12-14 00:00:00+00:00,4,2,United States,First Open,IOS,,First Open,First Open,1.0.6,1.0.7,26.15,3,10,0,0,4,1,1,1,1,1,1,1,1,1,0,0,2025-12-22 00:00:00+00:00,Spent Virtual Currency,1,1,1,1,1,1,1,1
ed58fe7da192e6281ad95e0cb1f5fe2c,2025-12-16 00:00:00+00:00,1,3,Türkiye,First Open,ANDROID,,First Open,First Open,1.0.6,1.0.5,5.72,3,7,0,0,1,0,1,0,0,1,1,0,1,0,0,0,2025-12-18 00:00:00+00:00,Question Completed,1,1,1,1,0,0,1,0
ee12a2fc8dd4a70195627526065a0705,2025-12-16 00:00:00+00:00,2,3,United States,First Open,ANDROID,,First Open,First Open,1.0.5,1.0.6,13.6,3,10,1,0,2,1,1,1,1,1,1,0,0,1,0,0,2025-12-23 00:00:00+00:00,Question Started,1,1,1,1,1,1,1,1
eea26b039a599bab6bdc4367af1ba88e,2025-12-11 00:00:00+00:00,4,3,Türkiye,First Open,ANDROID,,First Open,First Open,1.0.7,1.0.5,20.65,7,21,0,0,4,0,0,0,1,1,1,1,1,1,0,0,2025-12-18 00:00:00+00:00,Question Started,1,1,1,1,1,1,1,1
f0c3fa19d2f66bae99c2ed80c772fd37,2025-12-12 00:00:00+00:00,1,1,United States,First Open,IOS,,First Open,First Open,1.0.5,1.0.6,3.2,0,2,0,0,1,1,1,1,1,1,1,0,0,1,0,0,2025-12-20 00:00:00+00:00,Question Started,1,1,0,0,0,0,1,0
f1136288fb4ccaa4b2aef4596b320734,2025-12-05 00:00:00+00:00,1,2,Türkiye,First Open,IOS,,First Open,First Open,1.0.7,1.0.5,1.28,3,7,0,0,1,1,1,1,0,0,0,1,0,0,0,0,2025-12-08 00:00:00+00:00,Question Started,1,1,1,1,0,0,1,0
f11c77b2f91260a845b2b7bf48980f83,2025-12-17 00:00:00+00:00,1,3,United States,First Open,ANDROID,,First Open,First Open,1.0.6,1.0.6,8.4,2,7,0,0,1,0,1,1,1,0,0,0,0,0,0,0,2025-12-17 00:00:00+00:00,First Open,1,1,1,1,0,0,0,0
f3a0016c6a67b207fe5c2249094b870e,2025-12-16 00:00:00+00:00,2,1,Türkiye,First Open,IOS,,First Open,First Open,1.0.6,1.0.7,5.72,3,10,0,0,2,1,1,1,1,1,1,0,0,1,0,0,2025-12-21 00:00:00+00:00,Question Completed,1,1,1,0,1,1,1,0
f3a24cfaec239834fc6fc5a7475b4bce,2025-12-05 00:00:00+00:00,2,3,United States,First Open,ANDROID,,First Open,First Open,1.0.5,1.0.7,17.27,1,9,0,0,2,1,1,0,1,1,1,0,0,0,0,0,2025-12-14 00:00:00+00:00,Session Started,1,1,1,1,0,1,1,1
f4c429162dae7580c2edb8718b3b90b5,2025-12-23 00:00:00+00:00,3,1,Türkiye,Session Started,IOS,,Session Started,Session Started,1.0.7,1.0.5,14.32,2,11,1,0,3,1,1,1,1,1,1,0,1,1,0,0,2025-12-23 00:00:00+00:00,Session Started,1,1,1,0,1,1,0,1
f6747e58f2212c7e6369f7878bdc1de3,2025-12-06 00:00:00+00:00,1,1,Türkiye,First Open,IOS,,First Open,First Open,1.0.6,1.0.7,13.02,0,3,0,1,1,1,1,1,1,0,0,0,1,0,0,0,2025-12-09 00:00:00+00:00,Question Started,1,1,1,0,0,0,1,1
f7f5b584f6817ed9f2b65f69033ac67a,2025-12-07 00:00:00+00:00,4,1,Türkiye,First Open,IOS,,First Open,First Open,1.0.7,1.0.7,22.7,5,20,2,0,4,1,0,0,1,1,1,1,1,1,0,0,2025-12-21 00:00:00+00:00,Menu Opened,1,1,1,0,1,1,1,1
f81151046d6b8d5f31c8425a7148b912,2025-12-11 00:00:00+00:00,2,3,United States,First Open,IOS,,First Open,First Open,1.0.6,1.0.7,13.95,1,6,0,0,2,1,1,0,1,1,0,0,0,1,0,0,2025-12-22 00:00:00+00:00,Spent Virtual Currency,1,1,1,1,0,1,1,1
f886f4fd11965c5d1b88e2069b6c892e,2025-12-20 00:00:00+00:00,2,3,United States,First Open,IOS,,First Open,First Open,1.0.5,1.0.5,10.12,1,7,0,0,2,0,1,1,1,1,1,0,0,1,0,0,2025-12-23 00:00:00+00:00,Question Completed,1,1,1,1,0,1,1,1
faae9cd3044de07d2c17d454b4f77898,2025-12-19 00:00:00+00:00,3,2,Türkiye,Session Started,IOS,,Session Started,Session Started,1.0.6,1.0.5,17.33,2,7,1,0,3,1,1,1,1,1,1,0,1,1,0,0,2025-12-22 00:00:00+00:00,Question Started,1,1,1,1,0,1,1,1
fc39699ed4f74e57f9587f4abc6066bb,2025-12-19 00:00:00+00:00,4,4,United States,First Open,ANDROID,,First Open,First Open,1.0.6,1.0.6,34.98,2,14,1,0,4,0,1,0,1,1,1,1,1,1,0,0,2025-12-23 00:00:00+00:00,Question Completed,1,1,1,1,1,1,1,1
fdd49be0d9c3dab1ceeae9b77c67da36,2025-12-12 00:00:00+00:00,2,1,Türkiye,First Open,ANDROID,,First Open,First Open,1.0.6,1.0.5,3.97,1,6,0,0,2,1,1,1,1,1,1,0,1,1,0,0,2025-12-22 00:00:00+00:00,Question Completed,1,1,1,0,0,1,1,0
fecae844575d6efaadadcab1814f3e53,2025-12-08 00:00:00+00:00,3,3,United States,First Open,IOS,,First Open,First Open,1.0.6,1.0.6,17.72,1,7,0,0,3,1,1,1,1,1,0,0,0,1,0,0,2025-12-13 00:00:00+00:00,Question Completed,1,1,1,1,0,1,1,1
ff55266394826184800fb8cc7fae30b5,2025-12-17 00:00:00+00:00,2,4,United States,First Open,IOS,,First Open,First Open,1.0.6,1.0.7,12.58,2,7,0,0,2,0,0,0,1,0,1,0,1,1,0,0,2025-12-23 00:00:00+00:00,Question Completed,1,1,1,1,0,1,1,1
